﻿{"cameraMode":{"drawMode":0,"name":"Shaded","section":"Shading Mode"},"sceneLighting":true,"audioPlay":false,"sceneViewState":{"showFog":true,"showMaterialUpdate":false,"showSkybox":true,"showFlares":true,"showImageEffects":true,"showParticleSystems":true},"in2DMode":false,"pivot":{"x":0.0,"y":36.12360382080078,"z":-0.0000059604644775390629},"rotation":{"x":-0.1806277334690094,"y":-0.6836512088775635,"z":0.18063053488731385,"w":-0.6836426854133606},"size":956.55517578125,"orthographic":false}